-- Adminer 4.8.1 MySQL 8.0.33 dump

SET NAMES utf8;
SET time_zone = '+00:00';
SET foreign_key_checks = 0;
SET sql_mode = 'NO_AUTO_VALUE_ON_ZERO';

SET NAMES utf8mb4;

DROP DATABASE IF EXISTS `PasswordSaver`;
CREATE DATABASE `PasswordSaver` /*!40100 DEFAULT CHARACTER SET utf8mb4 COLLATE utf8mb4_0900_ai_ci */ /*!80016 DEFAULT ENCRYPTION='N' */;
USE `PasswordSaver`;

DROP TABLE IF EXISTS `LogTable`;
CREATE TABLE `LogTable` (
  `IdLog` int NOT NULL AUTO_INCREMENT,
  `IdUser` int NOT NULL,
  `Timestamp` timestamp NOT NULL,
  `Message` varchar(500) NOT NULL,
  PRIMARY KEY (`IdLog`),
  KEY `FK_LogTable_Users` (`IdUser`),
  CONSTRAINT `FK_LogTable_Users` FOREIGN KEY (`IdUser`) REFERENCES `Users` (`IdUser`)
) ENGINE=InnoDB AUTO_INCREMENT=446 DEFAULT CHARSET=utf8mb4 COLLATE=utf8mb4_0900_ai_ci;

INSERT INTO `LogTable` (`IdLog`, `IdUser`, `Timestamp`, `Message`) VALUES
(3,	0,	'2024-09-19 16:58:23',	'POST request to /login'),
(4,	8,	'2024-09-19 16:58:24',	'Successful login'),
(5,	8,	'2024-09-19 16:58:24',	'UserManagerDB - getUserTypeOfUser: User Type loaded'),
(6,	8,	'2024-09-19 16:58:28',	'GET request to /services/getmostusedservicesbyuser'),
(7,	8,	'2024-09-19 16:58:28',	'GET request to /passwords/getdetailedstarredpasswords'),
(8,	8,	'2024-09-19 16:58:28',	'UserManagerDB - checkIfUserIsAdmin: User is not admin'),
(9,	8,	'2024-09-19 16:58:28',	'UserManagerDB - checkIfUserIsAdmin: User is not admin'),
(10,	8,	'2024-09-19 16:58:28',	'PasswordManagerDB - getAllDetailedStarredPasswords: Starred password not loaded'),
(11,	8,	'2024-09-19 16:58:28',	'ServiceManagerDB - getMostUsedServicesByUser: Services not loaded'),
(12,	8,	'2024-09-19 17:15:16',	'GET request to /passwords/getdetailedpasswords'),
(13,	8,	'2024-09-19 17:15:17',	'UserManagerDB - checkIfUserIsAdmin: User is not admin'),
(14,	8,	'2024-09-19 17:15:16',	'GET request to /services'),
(15,	8,	'2024-09-19 17:15:17',	'UserManagerDB - checkIfUserIsAdmin: User is not admin'),
(16,	8,	'2024-09-19 17:16:48',	'GET request to /services/getdetailedservices'),
(17,	8,	'2024-09-19 17:16:48',	'GET request to /servicetypes'),
(18,	8,	'2024-09-19 17:16:48',	'UserManagerDB - checkIfUserIsAdmin: User is not admin'),
(19,	8,	'2024-09-19 17:16:48',	'UserManagerDB - checkIfUserIsAdmin: User is not admin'),
(20,	8,	'2024-09-19 17:16:48',	'ServiceManagerDB - getAllDetailedServices: Services not loaded'),
(21,	8,	'2024-09-19 17:16:49',	'ServiceManagerDB - getAllServiceTypes: Service Types loaded'),
(22,	8,	'2024-09-19 17:17:14',	'GET request to /servicetypes'),
(23,	8,	'2024-09-19 17:17:14',	'UserManagerDB - checkIfUserIsAdmin: User is not admin'),
(24,	8,	'2024-09-19 17:17:14',	'ServiceManagerDB - getAllServiceTypes: Service Types loaded'),
(25,	8,	'2024-09-19 17:17:28',	'POST request to /services/addservice'),
(26,	8,	'2024-09-19 17:17:28',	'UserManagerDB - checkIfUserIsAdmin: User is not admin'),
(27,	8,	'2024-09-19 17:17:28',	'ServiceManagerDB - checkIfServiceNameExists: Service name doesn\'t exist'),
(28,	8,	'2024-09-19 17:17:28',	'ServiceManagerDB - getServiceType: Service Type loaded'),
(29,	8,	'2024-09-19 17:17:28',	'ServiceManagerDB - addNewService: Service added'),
(30,	8,	'2024-09-19 17:17:28',	'ServiceManagerDB - getService: Service loaded'),
(31,	8,	'2024-09-19 17:17:30',	'GET request to /servicetypes'),
(32,	8,	'2024-09-19 17:17:30',	'GET request to /services/getdetailedservice'),
(33,	8,	'2024-09-19 17:17:30',	'UserManagerDB - checkIfUserIsAdmin: User is not admin'),
(34,	8,	'2024-09-19 17:17:30',	'UserManagerDB - checkIfUserIsAdmin: User is not admin'),
(35,	8,	'2024-09-19 17:17:30',	'ServiceManagerDB - getAllServiceTypes: Service Types loaded'),
(36,	8,	'2024-09-19 17:17:30',	'ServiceManagerDB - serviceExists: Service exists'),
(37,	8,	'2024-09-19 17:17:30',	'ServiceManagerDB - getDetailedService: Service loaded'),
(38,	8,	'2024-09-19 17:17:32',	'GET request to /services/getdetailedservices'),
(39,	8,	'2024-09-19 17:17:32',	'GET request to /servicetypes'),
(40,	8,	'2024-09-19 17:17:32',	'UserManagerDB - checkIfUserIsAdmin: User is not admin'),
(41,	8,	'2024-09-19 17:17:32',	'UserManagerDB - checkIfUserIsAdmin: User is not admin'),
(42,	8,	'2024-09-19 17:17:32',	'ServiceManagerDB - getAllDetailedServices: Services loaded'),
(43,	8,	'2024-09-19 17:17:32',	'ServiceManagerDB - getAllServiceTypes: Service Types loaded'),
(44,	0,	'2024-09-19 17:18:45',	'POST request to /login'),
(45,	8,	'2024-09-19 17:18:45',	'Invalid login'),
(46,	0,	'2024-09-19 17:19:07',	'POST request to /login'),
(47,	0,	'2024-09-20 12:05:01',	'SERVER STARTUP'),
(48,	0,	'2024-09-20 12:05:02',	'POST request to /login'),
(49,	1,	'2024-09-20 12:05:03',	'Successful login'),
(50,	1,	'2024-09-20 12:05:03',	'UserManagerDB - getUserTypeOfUser: User Type loaded'),
(51,	1,	'2024-09-20 12:05:08',	'GET request to /passwords/getdetailedstarredpasswords'),
(52,	1,	'2024-09-20 12:05:08',	'GET request to /services/getmostusedservicesbyuser'),
(53,	1,	'2024-09-20 12:05:09',	'UserManagerDB - checkIfUserIsAdmin: User is admin'),
(54,	1,	'2024-09-20 12:05:09',	'UserManagerDB - checkIfUserIsAdmin: User is admin'),
(55,	1,	'2024-09-20 12:05:10',	'ServiceManagerDB - getMostUsedServicesByUser: Services loaded'),
(56,	1,	'2024-09-20 12:05:10',	'PasswordManagerDB - getAllDetailedStarredPasswords: Starred passwords loaded'),
(57,	1,	'2024-09-20 12:05:12',	'GET request to /usertypes'),
(58,	1,	'2024-09-20 12:05:12',	'GET request to /users/getdetailedusers'),
(59,	1,	'2024-09-20 12:05:12',	'UserManagerDB - checkIfUserIsAdmin: User is admin'),
(60,	1,	'2024-09-20 12:05:12',	'UserManagerDB - checkIfUserIsAdmin: User is admin'),
(61,	1,	'2024-09-20 12:05:12',	'UserManagerDB - getAllUserTypes: User Types loaded'),
(62,	1,	'2024-09-20 12:05:12',	'UserManagerDB - getAllDetailedUsers: Users loaded'),
(63,	1,	'2024-09-20 12:05:14',	'GET request to /users/getuser'),
(64,	1,	'2024-09-20 12:05:14',	'UserManagerDB - checkIfUserIsAdmin: User is admin'),
(65,	1,	'2024-09-20 12:05:14',	'UserManagerDB - userExists: User exists'),
(66,	1,	'2024-09-20 12:05:14',	'UserManagerDB - getUser: User loaded'),
(67,	1,	'2024-09-20 12:05:15',	'GET request to /usertypes'),
(68,	1,	'2024-09-20 12:05:15',	'UserManagerDB - checkIfUserIsAdmin: User is admin'),
(69,	1,	'2024-09-20 12:05:15',	'UserManagerDB - getAllUserTypes: User Types loaded'),
(70,	1,	'2024-09-20 12:05:52',	'GET request to /users/getuser'),
(71,	1,	'2024-09-20 12:05:52',	'UserManagerDB - checkIfUserIsAdmin: User is admin'),
(72,	1,	'2024-09-20 12:05:53',	'UserManagerDB - userExists: User exists'),
(73,	1,	'2024-09-20 12:05:53',	'UserManagerDB - getUser: User loaded'),
(74,	1,	'2024-09-20 12:05:54',	'GET request to /usertypes'),
(75,	1,	'2024-09-20 12:05:55',	'UserManagerDB - checkIfUserIsAdmin: User is admin'),
(76,	1,	'2024-09-20 12:05:55',	'UserManagerDB - getAllUserTypes: User Types loaded'),
(77,	1,	'2024-09-20 12:06:32',	'GET request to /users/getuser'),
(78,	1,	'2024-09-20 12:06:33',	'UserManagerDB - checkIfUserIsAdmin: User is admin'),
(79,	1,	'2024-09-20 12:06:33',	'UserManagerDB - userExists: User exists'),
(80,	1,	'2024-09-20 12:06:34',	'UserManagerDB - getUser: User loaded'),
(81,	1,	'2024-09-20 12:06:35',	'GET request to /usertypes'),
(82,	1,	'2024-09-20 12:06:36',	'UserManagerDB - checkIfUserIsAdmin: User is admin'),
(83,	1,	'2024-09-20 12:06:36',	'UserManagerDB - getAllUserTypes: User Types loaded'),
(84,	1,	'2024-09-20 12:06:37',	'GET request to /usertypes'),
(85,	1,	'2024-09-20 12:06:38',	'UserManagerDB - checkIfUserIsAdmin: User is admin'),
(86,	1,	'2024-09-20 12:06:38',	'UserManagerDB - getAllUserTypes: User Types loaded'),
(87,	1,	'2024-09-20 12:06:43',	'GET request to /usertypes'),
(88,	1,	'2024-09-20 12:06:43',	'UserManagerDB - checkIfUserIsAdmin: User is admin'),
(89,	1,	'2024-09-20 12:06:43',	'UserManagerDB - getAllUserTypes: User Types loaded'),
(90,	1,	'2024-09-20 12:06:45',	'GET request to /usertypes'),
(91,	1,	'2024-09-20 12:06:45',	'GET request to /users/getdetailedusers'),
(92,	1,	'2024-09-20 12:06:46',	'UserManagerDB - checkIfUserIsAdmin: User is admin'),
(93,	1,	'2024-09-20 12:06:46',	'UserManagerDB - checkIfUserIsAdmin: User is admin'),
(94,	1,	'2024-09-20 12:06:46',	'UserManagerDB - getAllUserTypes: User Types loaded'),
(95,	1,	'2024-09-20 12:06:46',	'UserManagerDB - getAllDetailedUsers: Users loaded'),
(96,	1,	'2024-09-20 12:06:47',	'GET request to /users/getuser'),
(97,	1,	'2024-09-20 12:06:47',	'UserManagerDB - checkIfUserIsAdmin: User is admin'),
(98,	1,	'2024-09-20 12:06:47',	'UserManagerDB - userExists: User exists'),
(99,	1,	'2024-09-20 12:06:47',	'UserManagerDB - getUser: User loaded'),
(100,	1,	'2024-09-20 12:06:47',	'GET request to /usertypes'),
(101,	1,	'2024-09-20 12:06:47',	'UserManagerDB - checkIfUserIsAdmin: User is admin'),
(102,	1,	'2024-09-20 12:06:47',	'UserManagerDB - getAllUserTypes: User Types loaded'),
(103,	1,	'2024-09-20 12:06:55',	'GET request to /users/getdetailedusers'),
(104,	1,	'2024-09-20 12:06:55',	'GET request to /usertypes'),
(105,	1,	'2024-09-20 12:06:55',	'UserManagerDB - checkIfUserIsAdmin: User is admin'),
(106,	1,	'2024-09-20 12:06:55',	'UserManagerDB - checkIfUserIsAdmin: User is admin'),
(107,	1,	'2024-09-20 12:06:55',	'UserManagerDB - getAllDetailedUsers: Users loaded'),
(108,	1,	'2024-09-20 12:06:55',	'UserManagerDB - getAllUserTypes: User Types loaded'),
(109,	1,	'2024-09-20 12:06:57',	'GET request to /users/getuser'),
(110,	1,	'2024-09-20 12:06:57',	'UserManagerDB - checkIfUserIsAdmin: User is admin'),
(111,	1,	'2024-09-20 12:06:57',	'UserManagerDB - userExists: User exists'),
(112,	1,	'2024-09-20 12:06:57',	'UserManagerDB - getUser: User loaded'),
(113,	1,	'2024-09-20 12:06:57',	'GET request to /usertypes'),
(114,	1,	'2024-09-20 12:06:57',	'UserManagerDB - checkIfUserIsAdmin: User is admin'),
(115,	1,	'2024-09-20 12:06:58',	'UserManagerDB - getAllUserTypes: User Types loaded'),
(116,	1,	'2024-09-20 12:07:13',	'PUT request to /users/updateuser'),
(117,	1,	'2024-09-20 12:07:13',	'UserManagerDB - checkIfUserIsAdmin: User is admin'),
(118,	1,	'2024-09-20 12:07:13',	'UserManagerDB - userExists: User exists'),
(119,	1,	'2024-09-20 12:07:13',	'UserManagerDB - checkIfEmailExists: User email doesn\'t exist'),
(120,	0,	'2024-09-20 12:07:13',	'UserManagerDB - checkIfUserExists: User username doesn\'t exist'),
(121,	1,	'2024-09-20 12:07:13',	'UserManagerDB - checkIfUserTypeExists: User Type exists'),
(122,	1,	'2024-09-20 12:07:14',	'UserManagerDB - updateUser: User updated'),
(123,	0,	'2024-09-20 12:09:15',	'SERVER SHUTODOWN'),
(124,	0,	'2024-09-20 12:09:36',	'SERVER STARTUP'),
(125,	0,	'2024-09-20 12:09:51',	'POST request to /login'),
(126,	1,	'2024-09-20 12:09:52',	'Successful login'),
(127,	1,	'2024-09-20 12:09:52',	'UserManagerDB - getUserTypeOfUser: User Type loaded'),
(128,	0,	'2024-09-20 12:09:52',	'POST request to /login'),
(129,	1,	'2024-09-20 12:09:52',	'Successful login'),
(130,	1,	'2024-09-20 12:09:53',	'UserManagerDB - getUserTypeOfUser: User Type loaded'),
(131,	1,	'2024-09-20 12:09:57',	'GET request to /passwords/getdetailedstarredpasswords'),
(132,	1,	'2024-09-20 12:09:57',	'GET request to /services/getmostusedservicesbyuser'),
(133,	1,	'2024-09-20 12:09:57',	'UserManagerDB - checkIfUserIsAdmin: User is admin'),
(134,	1,	'2024-09-20 12:09:58',	'UserManagerDB - checkIfUserIsAdmin: User is admin'),
(135,	1,	'2024-09-20 12:09:58',	'PasswordManagerDB - getAllDetailedStarredPasswords: Starred passwords loaded'),
(136,	1,	'2024-09-20 12:09:58',	'ServiceManagerDB - getMostUsedServicesByUser: Services loaded'),
(137,	1,	'2024-09-20 12:10:01',	'GET request to /usertypes'),
(138,	1,	'2024-09-20 12:10:01',	'GET request to /users/getdetailedusers'),
(139,	1,	'2024-09-20 12:10:01',	'UserManagerDB - checkIfUserIsAdmin: User is admin'),
(140,	1,	'2024-09-20 12:10:01',	'UserManagerDB - checkIfUserIsAdmin: User is admin'),
(141,	1,	'2024-09-20 12:10:01',	'UserManagerDB - getAllUserTypes: User Types loaded'),
(142,	1,	'2024-09-20 12:10:01',	'UserManagerDB - getAllDetailedUsers: Users loaded'),
(143,	1,	'2024-09-20 12:10:07',	'GET request to /users/getuser'),
(144,	1,	'2024-09-20 12:10:07',	'UserManagerDB - checkIfUserIsAdmin: User is admin'),
(145,	1,	'2024-09-20 12:10:08',	'UserManagerDB - userExists: User exists'),
(146,	1,	'2024-09-20 12:10:08',	'UserManagerDB - getUser: User loaded'),
(147,	1,	'2024-09-20 12:10:08',	'GET request to /usertypes'),
(148,	1,	'2024-09-20 12:10:08',	'UserManagerDB - checkIfUserIsAdmin: User is admin'),
(149,	1,	'2024-09-20 12:10:08',	'UserManagerDB - getAllUserTypes: User Types loaded'),
(150,	1,	'2024-09-20 12:10:11',	'PUT request to /users/updateuser'),
(151,	1,	'2024-09-20 12:10:11',	'UserManagerDB - checkIfUserIsAdmin: User is admin'),
(152,	1,	'2024-09-20 12:10:12',	'UserManagerDB - userExists: User exists'),
(153,	1,	'2024-09-20 12:10:12',	'UserManagerDB - checkIfEmailExists: User email doesn\'t exist'),
(154,	4,	'2024-09-20 12:10:12',	'UserManagerDB - checkIfUserExists: User username doesn\'t exist'),
(155,	1,	'2024-09-20 12:10:12',	'UserManagerDB - checkIfUserTypeExists: User Type exists'),
(156,	1,	'2024-09-20 12:10:12',	'UserManagerDB - updateUser: User updated'),
(157,	1,	'2024-09-20 12:10:13',	'GET request to /usertypes'),
(158,	1,	'2024-09-20 12:10:13',	'GET request to /users/getdetaileduser'),
(159,	1,	'2024-09-20 12:10:13',	'UserManagerDB - checkIfUserIsAdmin: User is admin'),
(160,	1,	'2024-09-20 12:10:13',	'UserManagerDB - checkIfUserIsAdmin: User is admin'),
(161,	1,	'2024-09-20 12:10:13',	'UserManagerDB - getAllUserTypes: User Types loaded'),
(162,	1,	'2024-09-20 12:10:13',	'UserManagerDB - userExists: User exists'),
(163,	1,	'2024-09-20 12:10:13',	'UserManagerDB - getDetailedUser: User loaded'),
(164,	1,	'2024-09-20 12:10:19',	'GET request to /users/getdetailedusers'),
(165,	1,	'2024-09-20 12:10:19',	'GET request to /usertypes'),
(166,	1,	'2024-09-20 12:10:20',	'UserManagerDB - checkIfUserIsAdmin: User is admin'),
(167,	1,	'2024-09-20 12:10:20',	'UserManagerDB - checkIfUserIsAdmin: User is admin'),
(168,	1,	'2024-09-20 12:10:20',	'UserManagerDB - getAllDetailedUsers: Users loaded'),
(169,	1,	'2024-09-20 12:10:20',	'UserManagerDB - getAllUserTypes: User Types loaded'),
(170,	1,	'2024-09-20 12:10:21',	'GET request to /users/getuser'),
(171,	1,	'2024-09-20 12:10:21',	'UserManagerDB - checkIfUserIsAdmin: User is admin'),
(172,	1,	'2024-09-20 12:10:21',	'UserManagerDB - userExists: User exists'),
(173,	1,	'2024-09-20 12:10:21',	'UserManagerDB - getUser: User loaded'),
(174,	1,	'2024-09-20 12:10:21',	'GET request to /usertypes'),
(175,	1,	'2024-09-20 12:10:21',	'UserManagerDB - checkIfUserIsAdmin: User is admin'),
(176,	1,	'2024-09-20 12:10:21',	'UserManagerDB - getAllUserTypes: User Types loaded'),
(177,	1,	'2024-09-20 12:10:24',	'PUT request to /users/updateuser'),
(178,	1,	'2024-09-20 12:10:24',	'UserManagerDB - checkIfUserIsAdmin: User is admin'),
(179,	1,	'2024-09-20 12:10:24',	'UserManagerDB - userExists: User exists'),
(180,	1,	'2024-09-20 12:10:24',	'UserManagerDB - checkIfEmailExists: User email doesn\'t exist'),
(181,	0,	'2024-09-20 12:10:24',	'UserManagerDB - checkIfUserExists: User username doesn\'t exist'),
(182,	1,	'2024-09-20 12:10:25',	'UserManagerDB - checkIfUserTypeExists: User Type exists'),
(183,	0,	'2024-09-20 12:10:25',	'UserManagerDB - updateUser: User updated'),
(184,	0,	'2024-09-20 12:12:51',	'SERVER SHUTODOWN'),
(185,	0,	'2024-09-20 12:13:16',	'SERVER STARTUP'),
(186,	0,	'2024-09-20 12:13:42',	'PUT request to /users/updateuser'),
(187,	0,	'2024-09-20 12:13:47',	'GET request to /users/getuser'),
(188,	0,	'2024-09-20 12:14:06',	'POST request to /login'),
(189,	1,	'2024-09-20 12:14:06',	'Successful login'),
(190,	1,	'2024-09-20 12:14:06',	'UserManagerDB - getUserTypeOfUser: User Type loaded'),
(191,	1,	'2024-09-20 12:14:09',	'GET request to /passwords/getdetailedstarredpasswords'),
(192,	1,	'2024-09-20 12:14:09',	'GET request to /services/getmostusedservicesbyuser'),
(193,	1,	'2024-09-20 12:14:10',	'UserManagerDB - checkIfUserIsAdmin: User is admin'),
(194,	1,	'2024-09-20 12:14:10',	'UserManagerDB - checkIfUserIsAdmin: User is admin'),
(195,	1,	'2024-09-20 12:14:10',	'PasswordManagerDB - getAllDetailedStarredPasswords: Starred passwords loaded'),
(196,	1,	'2024-09-20 12:14:10',	'ServiceManagerDB - getMostUsedServicesByUser: Services loaded'),
(197,	1,	'2024-09-20 12:14:11',	'GET request to /users/getdetailedusers'),
(198,	1,	'2024-09-20 12:14:11',	'GET request to /usertypes'),
(199,	1,	'2024-09-20 12:14:11',	'UserManagerDB - checkIfUserIsAdmin: User is admin'),
(200,	1,	'2024-09-20 12:14:11',	'UserManagerDB - checkIfUserIsAdmin: User is admin'),
(201,	1,	'2024-09-20 12:14:11',	'UserManagerDB - getAllDetailedUsers: Users loaded'),
(202,	1,	'2024-09-20 12:14:11',	'UserManagerDB - getAllUserTypes: User Types loaded'),
(203,	1,	'2024-09-20 12:14:13',	'GET request to /users/getuser'),
(204,	1,	'2024-09-20 12:14:13',	'UserManagerDB - checkIfUserIsAdmin: User is admin'),
(205,	1,	'2024-09-20 12:14:13',	'UserManagerDB - userExists: User exists'),
(206,	1,	'2024-09-20 12:14:13',	'UserManagerDB - getUser: User loaded'),
(207,	1,	'2024-09-20 12:14:13',	'GET request to /usertypes'),
(208,	1,	'2024-09-20 12:14:13',	'UserManagerDB - checkIfUserIsAdmin: User is admin'),
(209,	1,	'2024-09-20 12:14:13',	'UserManagerDB - getAllUserTypes: User Types loaded'),
(210,	1,	'2024-09-20 12:14:16',	'PUT request to /users/updateuser'),
(211,	1,	'2024-09-20 12:14:16',	'UserManagerDB - checkIfUserIsAdmin: User is admin'),
(212,	1,	'2024-09-20 12:14:16',	'UserManagerDB - userExists: User exists'),
(213,	1,	'2024-09-20 12:14:16',	'UserManagerDB - checkIfEmailExists: User email doesn\'t exist'),
(214,	0,	'2024-09-20 12:14:16',	'UserManagerDB - checkIfUserExists: User username doesn\'t exist'),
(215,	1,	'2024-09-20 12:14:17',	'UserManagerDB - checkIfUserTypeExists: User Type exists'),
(216,	0,	'2024-09-20 12:14:17',	'UserManagerDB - updateUser: User updated'),
(217,	0,	'2024-09-20 12:14:21',	'POST request to /login'),
(218,	1,	'2024-09-20 12:14:22',	'Successful login'),
(219,	1,	'2024-09-20 12:14:22',	'UserManagerDB - getUserTypeOfUser: User Type loaded'),
(220,	1,	'2024-09-20 12:14:25',	'GET request to /services/getmostusedservicesbyuser'),
(221,	1,	'2024-09-20 12:14:25',	'GET request to /passwords/getdetailedstarredpasswords'),
(222,	1,	'2024-09-20 12:14:25',	'UserManagerDB - checkIfUserIsAdmin: User is admin'),
(223,	1,	'2024-09-20 12:14:25',	'UserManagerDB - checkIfUserIsAdmin: User is admin'),
(224,	1,	'2024-09-20 12:14:25',	'ServiceManagerDB - getMostUsedServicesByUser: Services loaded'),
(225,	1,	'2024-09-20 12:14:25',	'PasswordManagerDB - getAllDetailedStarredPasswords: Starred passwords loaded'),
(226,	1,	'2024-09-20 12:14:28',	'GET request to /usertypes'),
(227,	1,	'2024-09-20 12:14:28',	'GET request to /users/getdetailedusers'),
(228,	1,	'2024-09-20 12:14:28',	'UserManagerDB - checkIfUserIsAdmin: User is admin'),
(229,	1,	'2024-09-20 12:14:28',	'UserManagerDB - checkIfUserIsAdmin: User is admin'),
(230,	1,	'2024-09-20 12:14:28',	'UserManagerDB - getAllUserTypes: User Types loaded'),
(231,	1,	'2024-09-20 12:14:28',	'UserManagerDB - getAllDetailedUsers: Users loaded'),
(232,	1,	'2024-09-20 12:14:36',	'GET request to /users/getuser'),
(233,	1,	'2024-09-20 12:14:36',	'UserManagerDB - checkIfUserIsAdmin: User is admin'),
(234,	1,	'2024-09-20 12:14:36',	'UserManagerDB - userExists: User exists'),
(235,	1,	'2024-09-20 12:14:36',	'UserManagerDB - getUser: User loaded'),
(236,	1,	'2024-09-20 12:14:36',	'GET request to /usertypes'),
(237,	1,	'2024-09-20 12:14:36',	'UserManagerDB - checkIfUserIsAdmin: User is admin'),
(238,	1,	'2024-09-20 12:14:36',	'UserManagerDB - getAllUserTypes: User Types loaded'),
(239,	1,	'2024-09-20 12:14:41',	'PUT request to /users/updateuser'),
(240,	1,	'2024-09-20 12:14:41',	'UserManagerDB - checkIfUserIsAdmin: User is admin'),
(241,	1,	'2024-09-20 12:14:41',	'UserManagerDB - userExists: User exists'),
(242,	1,	'2024-09-20 12:14:41',	'UserManagerDB - checkIfEmailExists: User email doesn\'t exist'),
(243,	4,	'2024-09-20 12:14:41',	'UserManagerDB - checkIfUserExists: User username doesn\'t exist'),
(244,	1,	'2024-09-20 12:14:42',	'UserManagerDB - checkIfUserTypeExists: User Type exists'),
(245,	1,	'2024-09-20 12:14:42',	'UserManagerDB - updateUser: User updated'),
(246,	1,	'2024-09-20 12:14:43',	'GET request to /usertypes'),
(247,	1,	'2024-09-20 12:14:43',	'GET request to /users/getdetaileduser'),
(248,	1,	'2024-09-20 12:14:43',	'UserManagerDB - checkIfUserIsAdmin: User is admin'),
(249,	1,	'2024-09-20 12:14:43',	'UserManagerDB - checkIfUserIsAdmin: User is admin'),
(250,	1,	'2024-09-20 12:14:43',	'UserManagerDB - getAllUserTypes: User Types loaded'),
(251,	1,	'2024-09-20 12:14:43',	'UserManagerDB - userExists: User exists'),
(252,	1,	'2024-09-20 12:14:43',	'UserManagerDB - getDetailedUser: User loaded'),
(253,	1,	'2024-09-20 12:14:45',	'GET request to /usertypes'),
(254,	1,	'2024-09-20 12:14:45',	'GET request to /users/getdetailedusers'),
(255,	1,	'2024-09-20 12:14:45',	'UserManagerDB - checkIfUserIsAdmin: User is admin'),
(256,	1,	'2024-09-20 12:14:45',	'UserManagerDB - checkIfUserIsAdmin: User is admin'),
(257,	1,	'2024-09-20 12:14:45',	'UserManagerDB - getAllUserTypes: User Types loaded'),
(258,	1,	'2024-09-20 12:14:45',	'UserManagerDB - getAllDetailedUsers: Users loaded'),
(259,	1,	'2024-09-20 12:15:10',	'GET request to /usertypes'),
(260,	1,	'2024-09-20 12:15:10',	'GET request to /users/getdetailedusers'),
(261,	1,	'2024-09-20 12:15:12',	'UserManagerDB - checkIfUserIsAdmin: User is admin'),
(262,	1,	'2024-09-20 12:15:13',	'UserManagerDB - checkIfUserIsAdmin: User is admin'),
(263,	1,	'2024-09-20 12:15:14',	'UserManagerDB - getAllDetailedUsers: Users loaded'),
(264,	1,	'2024-09-20 12:15:14',	'UserManagerDB - getAllUserTypes: User Types loaded'),
(265,	1,	'2024-09-20 12:15:27',	'GET request to /users/getdetailedusers'),
(266,	1,	'2024-09-20 12:15:27',	'GET request to /usertypes'),
(267,	1,	'2024-09-20 12:15:27',	'UserManagerDB - checkIfUserIsAdmin: User is admin'),
(268,	1,	'2024-09-20 12:15:27',	'UserManagerDB - checkIfUserIsAdmin: User is admin'),
(269,	1,	'2024-09-20 12:15:27',	'UserManagerDB - getAllUserTypes: User Types loaded'),
(270,	1,	'2024-09-20 12:15:27',	'UserManagerDB - getAllDetailedUsers: Users loaded'),
(271,	1,	'2024-09-20 12:15:33',	'GET request to /usertypes'),
(272,	1,	'2024-09-20 12:15:33',	'GET request to /users/getdetailedusers'),
(273,	1,	'2024-09-20 12:15:34',	'UserManagerDB - checkIfUserIsAdmin: User is admin'),
(274,	1,	'2024-09-20 12:15:34',	'UserManagerDB - checkIfUserIsAdmin: User is admin'),
(275,	1,	'2024-09-20 12:15:34',	'UserManagerDB - getAllUserTypes: User Types loaded'),
(276,	1,	'2024-09-20 12:15:34',	'UserManagerDB - getAllDetailedUsers: Users loaded'),
(277,	1,	'2024-09-20 12:15:41',	'GET request to /users/getdetailedusers'),
(278,	1,	'2024-09-20 12:15:41',	'GET request to /usertypes'),
(279,	1,	'2024-09-20 12:15:42',	'UserManagerDB - checkIfUserIsAdmin: User is admin'),
(280,	1,	'2024-09-20 12:15:42',	'UserManagerDB - checkIfUserIsAdmin: User is admin'),
(281,	1,	'2024-09-20 12:15:42',	'UserManagerDB - getAllDetailedUsers: Users loaded'),
(282,	1,	'2024-09-20 12:15:42',	'UserManagerDB - getAllUserTypes: User Types loaded'),
(283,	1,	'2024-09-20 12:16:01',	'GET request to /users/getdetailedusers'),
(284,	1,	'2024-09-20 12:16:01',	'GET request to /usertypes'),
(285,	1,	'2024-09-20 12:16:02',	'UserManagerDB - checkIfUserIsAdmin: User is admin'),
(286,	1,	'2024-09-20 12:16:02',	'UserManagerDB - checkIfUserIsAdmin: User is admin'),
(287,	1,	'2024-09-20 12:16:02',	'UserManagerDB - getAllDetailedUsers: Users loaded'),
(288,	1,	'2024-09-20 12:16:02',	'UserManagerDB - getAllUserTypes: User Types loaded'),
(289,	1,	'2024-09-20 12:16:42',	'GET request to /users/getdetailedusers'),
(290,	1,	'2024-09-20 12:16:42',	'GET request to /usertypes'),
(291,	1,	'2024-09-20 12:16:43',	'UserManagerDB - checkIfUserIsAdmin: User is admin'),
(292,	1,	'2024-09-20 12:16:43',	'UserManagerDB - checkIfUserIsAdmin: User is admin'),
(293,	1,	'2024-09-20 12:16:44',	'UserManagerDB - getAllUserTypes: User Types loaded'),
(294,	1,	'2024-09-20 12:16:44',	'UserManagerDB - getAllDetailedUsers: Users loaded'),
(295,	1,	'2024-09-20 12:16:46',	'GET request to /usertypes'),
(296,	1,	'2024-09-20 12:16:47',	'UserManagerDB - checkIfUserIsAdmin: User is admin'),
(297,	1,	'2024-09-20 12:16:47',	'UserManagerDB - getAllUserTypes: User Types loaded'),
(298,	1,	'2024-09-20 12:18:25',	'GET request to /usertypes'),
(299,	1,	'2024-09-20 12:18:26',	'UserManagerDB - checkIfUserIsAdmin: User is admin'),
(300,	1,	'2024-09-20 12:18:26',	'UserManagerDB - getAllUserTypes: User Types loaded'),
(301,	1,	'2024-09-20 12:18:35',	'GET request to /usertypes'),
(302,	1,	'2024-09-20 12:18:36',	'UserManagerDB - checkIfUserIsAdmin: User is admin'),
(303,	1,	'2024-09-20 12:18:36',	'UserManagerDB - getAllUserTypes: User Types loaded'),
(304,	1,	'2024-09-20 12:18:41',	'GET request to /usertypes'),
(305,	1,	'2024-09-20 12:18:41',	'UserManagerDB - checkIfUserIsAdmin: User is admin'),
(306,	1,	'2024-09-20 12:18:42',	'UserManagerDB - getAllUserTypes: User Types loaded'),
(307,	1,	'2024-09-20 12:18:55',	'POST request to /users/adduser'),
(308,	1,	'2024-09-20 12:18:56',	'UserManagerDB - checkIfUserIsAdmin: User is admin'),
(309,	1,	'2024-09-20 12:18:56',	'UserManagerDB - checkIfEmailExists: User email doesn\'t exist'),
(310,	0,	'2024-09-20 12:18:56',	'UserManagerDB - checkIfUserExists: User username doesn\'t exist'),
(311,	1,	'2024-09-20 12:18:56',	'UserManagerDB - checkIfUserTypeExists: User Type exists'),
(312,	1,	'2024-09-20 12:18:56',	'UserManagerDB - addNewUser: User added'),
(313,	1,	'2024-09-20 12:18:56',	'UserManagerDB - getUser: User loaded'),
(314,	1,	'2024-09-20 12:18:57',	'GET request to /usertypes'),
(315,	1,	'2024-09-20 12:18:57',	'GET request to /users/getdetaileduser'),
(316,	1,	'2024-09-20 12:18:57',	'UserManagerDB - checkIfUserIsAdmin: User is admin'),
(317,	1,	'2024-09-20 12:18:57',	'UserManagerDB - checkIfUserIsAdmin: User is admin'),
(318,	1,	'2024-09-20 12:18:57',	'UserManagerDB - getAllUserTypes: User Types loaded'),
(319,	1,	'2024-09-20 12:18:57',	'UserManagerDB - userExists: User exists'),
(320,	1,	'2024-09-20 12:18:57',	'UserManagerDB - getDetailedUser: User loaded'),
(321,	1,	'2024-09-20 12:18:59',	'GET request to /users/getuser'),
(322,	1,	'2024-09-20 12:18:59',	'UserManagerDB - checkIfUserIsAdmin: User is admin'),
(323,	1,	'2024-09-20 12:18:59',	'UserManagerDB - userExists: User exists'),
(324,	1,	'2024-09-20 12:18:59',	'UserManagerDB - getUser: User loaded'),
(325,	1,	'2024-09-20 12:18:59',	'GET request to /usertypes'),
(326,	1,	'2024-09-20 12:18:59',	'UserManagerDB - checkIfUserIsAdmin: User is admin'),
(327,	1,	'2024-09-20 12:18:59',	'UserManagerDB - getAllUserTypes: User Types loaded'),
(328,	1,	'2024-09-20 12:19:06',	'PUT request to /users/updateuser'),
(329,	1,	'2024-09-20 12:19:06',	'UserManagerDB - checkIfUserIsAdmin: User is admin'),
(330,	1,	'2024-09-20 12:19:06',	'UserManagerDB - userExists: User exists'),
(331,	1,	'2024-09-20 12:19:06',	'UserManagerDB - checkIfEmailExists: User email doesn\'t exist'),
(332,	10,	'2024-09-20 12:19:06',	'UserManagerDB - checkIfUserExists: User username doesn\'t exist'),
(333,	1,	'2024-09-20 12:19:06',	'UserManagerDB - checkIfUserTypeExists: User Type exists'),
(334,	1,	'2024-09-20 12:19:06',	'UserManagerDB - updateUser: User updated'),
(335,	1,	'2024-09-20 12:19:07',	'GET request to /usertypes'),
(336,	1,	'2024-09-20 12:19:07',	'GET request to /users/getdetaileduser'),
(337,	1,	'2024-09-20 12:19:07',	'UserManagerDB - checkIfUserIsAdmin: User is admin'),
(338,	1,	'2024-09-20 12:19:07',	'UserManagerDB - checkIfUserIsAdmin: User is admin'),
(339,	1,	'2024-09-20 12:19:07',	'UserManagerDB - userExists: User exists'),
(340,	1,	'2024-09-20 12:19:07',	'UserManagerDB - getAllUserTypes: User Types loaded'),
(341,	1,	'2024-09-20 12:19:07',	'UserManagerDB - getDetailedUser: User loaded'),
(342,	1,	'2024-09-20 12:19:12',	'GET request to /users/getuser'),
(343,	1,	'2024-09-20 12:19:12',	'UserManagerDB - checkIfUserIsAdmin: User is admin'),
(344,	1,	'2024-09-20 12:19:12',	'UserManagerDB - userExists: User exists'),
(345,	1,	'2024-09-20 12:19:12',	'UserManagerDB - getUser: User loaded'),
(346,	1,	'2024-09-20 12:19:13',	'GET request to /users/getuser'),
(347,	1,	'2024-09-20 12:19:13',	'UserManagerDB - checkIfUserIsAdmin: User is admin'),
(348,	1,	'2024-09-20 12:19:13',	'UserManagerDB - userExists: User exists'),
(349,	1,	'2024-09-20 12:19:13',	'UserManagerDB - getUser: User loaded'),
(350,	1,	'2024-09-20 12:19:13',	'GET request to /usertypes'),
(351,	1,	'2024-09-20 12:19:13',	'UserManagerDB - checkIfUserIsAdmin: User is admin'),
(352,	1,	'2024-09-20 12:19:13',	'UserManagerDB - getAllUserTypes: User Types loaded'),
(353,	0,	'2024-09-20 12:19:27',	'POST request to /login'),
(354,	0,	'2024-09-20 12:19:27',	'Invalid login'),
(355,	0,	'2024-09-20 12:19:32',	'POST request to /login'),
(356,	5,	'2024-09-20 12:19:32',	'Successful login'),
(357,	5,	'2024-09-20 12:19:33',	'UserManagerDB - getUserTypeOfUser: User Type loaded'),
(358,	5,	'2024-09-20 12:19:35',	'GET request to /services/getmostusedservicesbyuser'),
(359,	5,	'2024-09-20 12:19:35',	'GET request to /passwords/getdetailedstarredpasswords'),
(360,	5,	'2024-09-20 12:19:36',	'UserManagerDB - checkIfUserIsAdmin: User is not admin'),
(361,	5,	'2024-09-20 12:19:36',	'UserManagerDB - checkIfUserIsAdmin: User is not admin'),
(362,	5,	'2024-09-20 12:19:37',	'ServiceManagerDB - getMostUsedServicesByUser: Services loaded'),
(363,	5,	'2024-09-20 12:19:37',	'PasswordManagerDB - getAllDetailedStarredPasswords: Starred passwords loaded'),
(364,	5,	'2024-09-20 12:19:37',	'GET request to /users/getuser'),
(365,	5,	'2024-09-20 12:19:37',	'UserManagerDB - checkIfUserIsAdmin: User is not admin'),
(366,	5,	'2024-09-20 12:19:38',	'UserManagerDB - userExists: User exists'),
(367,	5,	'2024-09-20 12:19:38',	'UserManagerDB - getUser: User loaded'),
(368,	5,	'2024-09-20 12:19:44',	'PUT request to /users/updateuser'),
(369,	5,	'2024-09-20 12:19:45',	'UserManagerDB - checkIfUserIsAdmin: User is not admin'),
(370,	5,	'2024-09-20 12:19:45',	'UserManagerDB - userExists: User exists'),
(371,	5,	'2024-09-20 12:19:45',	'UserManagerDB - checkIfEmailExists: User email doesn\'t exist'),
(372,	5,	'2024-09-20 12:19:45',	'UserManagerDB - checkIfUserExists: User username doesn\'t exist'),
(373,	5,	'2024-09-20 12:19:45',	'UserManagerDB - checkIfUserTypeExists: User Type exists'),
(374,	5,	'2024-09-20 12:19:45',	'UserManagerDB - updateUser: User updated'),
(375,	0,	'2024-09-20 12:19:49',	'POST request to /login'),
(376,	5,	'2024-09-20 12:19:50',	'Successful login'),
(377,	5,	'2024-09-20 12:19:50',	'UserManagerDB - getUserTypeOfUser: User Type loaded'),
(378,	5,	'2024-09-20 12:19:52',	'GET request to /passwords/getdetailedstarredpasswords'),
(379,	5,	'2024-09-20 12:19:52',	'GET request to /services/getmostusedservicesbyuser'),
(380,	5,	'2024-09-20 12:19:53',	'UserManagerDB - checkIfUserIsAdmin: User is not admin'),
(381,	5,	'2024-09-20 12:19:53',	'UserManagerDB - checkIfUserIsAdmin: User is not admin'),
(382,	5,	'2024-09-20 12:19:53',	'ServiceManagerDB - getMostUsedServicesByUser: Services loaded'),
(383,	5,	'2024-09-20 12:19:53',	'PasswordManagerDB - getAllDetailedStarredPasswords: Starred passwords loaded'),
(384,	5,	'2024-09-20 12:19:58',	'GET request to /users/getuser'),
(385,	5,	'2024-09-20 12:19:59',	'UserManagerDB - checkIfUserIsAdmin: User is not admin'),
(386,	5,	'2024-09-20 12:19:59',	'UserManagerDB - userExists: User exists'),
(387,	5,	'2024-09-20 12:19:59',	'UserManagerDB - getUser: User loaded'),
(388,	5,	'2024-09-20 12:20:02',	'PUT request to /users/updateuser'),
(389,	5,	'2024-09-20 12:20:02',	'UserManagerDB - checkIfUserIsAdmin: User is not admin'),
(390,	5,	'2024-09-20 12:20:02',	'UserManagerDB - userExists: User exists'),
(391,	5,	'2024-09-20 12:20:02',	'UserManagerDB - checkIfEmailExists: User email doesn\'t exist'),
(392,	5,	'2024-09-20 12:20:02',	'UserManagerDB - checkIfUserExists: User username doesn\'t exist'),
(393,	5,	'2024-09-20 12:20:02',	'UserManagerDB - checkIfUserTypeExists: User Type exists'),
(394,	5,	'2024-09-20 12:20:02',	'UserManagerDB - updateUser: User updated'),
(395,	5,	'2024-09-20 12:20:03',	'GET request to /services/getmostusedservicesbyuser'),
(396,	5,	'2024-09-20 12:20:03',	'GET request to /passwords/getdetailedstarredpasswords'),
(397,	5,	'2024-09-20 12:20:03',	'UserManagerDB - checkIfUserIsAdmin: User is not admin'),
(398,	5,	'2024-09-20 12:20:03',	'UserManagerDB - checkIfUserIsAdmin: User is not admin'),
(399,	5,	'2024-09-20 12:20:03',	'ServiceManagerDB - getMostUsedServicesByUser: Services loaded'),
(400,	5,	'2024-09-20 12:20:03',	'PasswordManagerDB - getAllDetailedStarredPasswords: Starred passwords loaded'),
(401,	0,	'2024-09-20 12:20:15',	'POST request to /login'),
(402,	1,	'2024-09-20 12:20:15',	'Successful login'),
(403,	1,	'2024-09-20 12:20:15',	'UserManagerDB - getUserTypeOfUser: User Type loaded'),
(404,	1,	'2024-09-20 12:20:18',	'GET request to /services/getmostusedservicesbyuser'),
(405,	1,	'2024-09-20 12:20:18',	'GET request to /passwords/getdetailedstarredpasswords'),
(406,	1,	'2024-09-20 12:20:18',	'UserManagerDB - checkIfUserIsAdmin: User is admin'),
(407,	1,	'2024-09-20 12:20:18',	'UserManagerDB - checkIfUserIsAdmin: User is admin'),
(408,	1,	'2024-09-20 12:20:19',	'ServiceManagerDB - getMostUsedServicesByUser: Services loaded'),
(409,	1,	'2024-09-20 12:20:19',	'PasswordManagerDB - getAllDetailedStarredPasswords: Starred passwords loaded'),
(410,	1,	'2024-09-20 12:20:36',	'GET request to /passwords/getdetailedstarredpasswords'),
(411,	1,	'2024-09-20 12:20:36',	'GET request to /services/getmostusedservicesbyuser'),
(412,	1,	'2024-09-20 12:20:37',	'UserManagerDB - checkIfUserIsAdmin: User is admin'),
(413,	1,	'2024-09-20 12:20:37',	'UserManagerDB - checkIfUserIsAdmin: User is admin'),
(414,	1,	'2024-09-20 12:20:37',	'PasswordManagerDB - getAllDetailedStarredPasswords: Starred passwords loaded'),
(415,	1,	'2024-09-20 12:20:37',	'ServiceManagerDB - getMostUsedServicesByUser: Services loaded'),
(416,	1,	'2024-09-20 12:20:48',	'GET request to /services/getmostusedservicesbyuser'),
(417,	1,	'2024-09-20 12:20:48',	'GET request to /passwords/getdetailedstarredpasswords'),
(418,	1,	'2024-09-20 12:20:48',	'UserManagerDB - checkIfUserIsAdmin: User is admin'),
(419,	1,	'2024-09-20 12:20:48',	'UserManagerDB - checkIfUserIsAdmin: User is admin'),
(420,	1,	'2024-09-20 12:20:48',	'ServiceManagerDB - getMostUsedServicesByUser: Services loaded'),
(421,	1,	'2024-09-20 12:20:48',	'PasswordManagerDB - getAllDetailedStarredPasswords: Starred passwords loaded'),
(422,	1,	'2024-09-20 12:20:59',	'GET request to /services/getmostusedservicesbyuser'),
(423,	1,	'2024-09-20 12:20:59',	'GET request to /passwords/getdetailedstarredpasswords'),
(424,	1,	'2024-09-20 12:20:59',	'UserManagerDB - checkIfUserIsAdmin: User is admin'),
(425,	1,	'2024-09-20 12:20:59',	'UserManagerDB - checkIfUserIsAdmin: User is admin'),
(426,	1,	'2024-09-20 12:21:00',	'PasswordManagerDB - getAllDetailedStarredPasswords: Starred passwords loaded'),
(427,	1,	'2024-09-20 12:21:00',	'ServiceManagerDB - getMostUsedServicesByUser: Services loaded'),
(428,	1,	'2024-09-20 12:21:08',	'GET request to /passwords/getdetailedstarredpasswords'),
(429,	1,	'2024-09-20 12:21:08',	'GET request to /services/getmostusedservicesbyuser'),
(430,	1,	'2024-09-20 12:21:09',	'UserManagerDB - checkIfUserIsAdmin: User is admin'),
(431,	1,	'2024-09-20 12:21:09',	'UserManagerDB - checkIfUserIsAdmin: User is admin'),
(432,	1,	'2024-09-20 12:21:09',	'PasswordManagerDB - getAllDetailedStarredPasswords: Starred passwords loaded'),
(433,	1,	'2024-09-20 12:21:09',	'ServiceManagerDB - getMostUsedServicesByUser: Services loaded'),
(434,	1,	'2024-09-20 12:21:17',	'GET request to /services/getmostusedservicesbyuser'),
(435,	1,	'2024-09-20 12:21:17',	'GET request to /passwords/getdetailedstarredpasswords'),
(436,	1,	'2024-09-20 12:21:19',	'UserManagerDB - checkIfUserIsAdmin: User is admin'),
(437,	1,	'2024-09-20 12:21:18',	'UserManagerDB - checkIfUserIsAdmin: User is admin'),
(438,	1,	'2024-09-20 12:21:19',	'PasswordManagerDB - getAllDetailedStarredPasswords: Starred passwords loaded'),
(439,	1,	'2024-09-20 12:21:19',	'ServiceManagerDB - getMostUsedServicesByUser: Services loaded'),
(440,	1,	'2024-09-20 12:21:54',	'GET request to /services/getmostusedservicesbyuser'),
(441,	1,	'2024-09-20 12:21:54',	'GET request to /passwords/getdetailedstarredpasswords'),
(442,	1,	'2024-09-20 12:21:54',	'UserManagerDB - checkIfUserIsAdmin: User is admin'),
(443,	1,	'2024-09-20 12:21:54',	'UserManagerDB - checkIfUserIsAdmin: User is admin'),
(444,	1,	'2024-09-20 12:21:55',	'PasswordManagerDB - getAllDetailedStarredPasswords: Starred passwords loaded'),
(445,	1,	'2024-09-20 12:21:55',	'ServiceManagerDB - getMostUsedServicesByUser: Services loaded');

DROP TABLE IF EXISTS `Passwords`;
CREATE TABLE `Passwords` (
  `IdPassword` int NOT NULL AUTO_INCREMENT,
  `Name` varchar(50) CHARACTER SET utf8mb4 COLLATE utf8mb4_0900_ai_ci NOT NULL,
  `Password` varchar(75) CHARACTER SET utf8mb4 COLLATE utf8mb4_0900_ai_ci NOT NULL,
  `Email` varchar(100) CHARACTER SET utf8mb4 COLLATE utf8mb4_0900_ai_ci NOT NULL,
  `Username` varchar(100) CHARACTER SET utf8mb4 COLLATE utf8mb4_0900_ai_ci NOT NULL,
  `IdUser` int NOT NULL,
  `IdService` int NOT NULL,
  `PassPhrase` varchar(200) CHARACTER SET utf8mb4 COLLATE utf8mb4_0900_ai_ci NOT NULL,
  `IsStarred` tinyint(1) DEFAULT '0',
  `Validity` tinyint(1) DEFAULT '1',
  PRIMARY KEY (`IdPassword`),
  KEY `FK_Passwords_Users` (`IdUser`),
  KEY `FK_Passwords_Services` (`IdService`),
  CONSTRAINT `FK_Passwords_Services` FOREIGN KEY (`IdService`) REFERENCES `Services` (`IdService`),
  CONSTRAINT `FK_Passwords_Users` FOREIGN KEY (`IdUser`) REFERENCES `Users` (`IdUser`)
) ENGINE=InnoDB AUTO_INCREMENT=17 DEFAULT CHARSET=utf8mb4 COLLATE=utf8mb4_0900_ai_ci;

INSERT INTO `Passwords` (`IdPassword`, `Name`, `Password`, `Email`, `Username`, `IdUser`, `IdService`, `PassPhrase`, `IsStarred`, `Validity`) VALUES
(1,	'password modificata',	'UTakvLgvT6AMX7N78vKv3EK5NuPIxrgi33qGziOAeAo=',	'',	'admin',	1,	2,	'prova',	0,	1),
(2,	'password 2',	'M6zyUHZkrFOAIlpDc+RGzQ==',	'admin@admin.it',	'admin',	1,	1,	'',	1,	1),
(3,	'password 3',	'd/PkB1YwsFXzJ3H3KZRIaA==',	'admin@admin.it',	'admin',	1,	2,	'',	1,	1),
(4,	'password 4',	'HYhP7ZJ9KHRuxgzkQ9AoAQ==',	'admin@admin.it',	'admin',	1,	3,	'',	1,	0),
(5,	'prova',	'wsI7NpZLra2GWAlk+13Ilw==',	'',	'stefano',	2,	4,	'Sinonimo di prova, inglese',	0,	1),
(8,	'Password di Giovanni',	'HdoACLrXiIrApanPeue33w==',	'',	'',	1,	2,	'',	1,	1),
(9,	'Prova',	'sfsD+x3eqvcJS8bLrEsR+w==',	'',	'',	1,	1,	'',	0,	1),
(10,	'dsad',	'L4+3DMvumHLDOVIsOLRIkQ==',	'sad@d.asd',	'asd',	1,	1,	'asdas',	1,	0),
(11,	'password 2',	'smtAc4Y7oVm3Gf4HPRntuw==',	'',	'',	1,	1,	'',	0,	1),
(12,	'gfdfg',	'SDG+GnmU9vs4oHvF45JlMg==',	'',	'',	1,	2,	'',	1,	0),
(13,	'test',	'qnxHsFlZPtTLvylDZuWpPw==',	'stefano@prova.it',	'stefano',	2,	5,	'Sinonimo di prova, inglese',	1,	1),
(14,	'account unito',	'JOmSbtm6KRoSFmJ/vnAc7Q==',	'stefano.fontana266@edu.unito.it',	'stefano.fontana266',	2,	5,	'',	1,	1),
(15,	'asdasd',	'ras9QlaFtVTKQCV1HvezGg==',	'dsad@dad.asd',	'sadad',	1,	6,	'dsa',	0,	0),
(16,	'Account Spotify',	'9nsRLIekzR/C59pyT0cdXg==',	'giovanni@passwordsaver.it',	'',	5,	17,	'',	1,	1);

DROP TABLE IF EXISTS `ServiceTypes`;
CREATE TABLE `ServiceTypes` (
  `IdServiceType` int NOT NULL AUTO_INCREMENT,
  `Name` varchar(100) NOT NULL,
  `Validity` tinyint(1) DEFAULT '1',
  PRIMARY KEY (`IdServiceType`),
  UNIQUE KEY `Name` (`Name`)
) ENGINE=InnoDB AUTO_INCREMENT=6 DEFAULT CHARSET=utf8mb4 COLLATE=utf8mb4_0900_ai_ci;

INSERT INTO `ServiceTypes` (`IdServiceType`, `Name`, `Validity`) VALUES
(1,	'App',	1),
(2,	'Website',	1),
(3,	'Email',	1),
(4,	'Online Banking',	0),
(5,	'Prova',	0);

DROP TABLE IF EXISTS `Services`;
CREATE TABLE `Services` (
  `IdService` int NOT NULL AUTO_INCREMENT,
  `Name` varchar(100) NOT NULL,
  `IdServiceType` int NOT NULL,
  `IdUser` int NOT NULL,
  `Validity` tinyint(1) DEFAULT '1',
  PRIMARY KEY (`IdService`),
  KEY `FK_Services_ServiceTypes` (`IdServiceType`),
  KEY `FK_Services_Users` (`IdUser`),
  CONSTRAINT `FK_Services_ServiceTypes` FOREIGN KEY (`IdServiceType`) REFERENCES `ServiceTypes` (`IdServiceType`),
  CONSTRAINT `FK_Services_Users` FOREIGN KEY (`IdUser`) REFERENCES `Users` (`IdUser`)
) ENGINE=InnoDB AUTO_INCREMENT=20 DEFAULT CHARSET=utf8mb4 COLLATE=utf8mb4_0900_ai_ci;

INSERT INTO `Services` (`IdService`, `Name`, `IdServiceType`, `IdUser`, `Validity`) VALUES
(1,	'Prova App',	1,	1,	1),
(2,	'Prova Website',	2,	1,	1),
(3,	'Prova Email',	3,	1,	1),
(4,	'Prova User',	2,	2,	1),
(5,	'Prova App Stefano',	1,	2,	1),
(6,	'Online Banking',	2,	1,	1),
(7,	'Prova App 2',	1,	1,	0),
(8,	'asdas',	1,	1,	1),
(9,	'sadsad',	4,	1,	0),
(10,	'Prova da app',	4,	1,	0),
(11,	'fdg',	4,	1,	0),
(12,	'fdgf',	3,	1,	0),
(13,	'fdsf',	4,	1,	0),
(14,	'dfghjkl',	1,	1,	1),
(15,	'fdgfsdfsfsfsdf',	1,	1,	0),
(16,	'fsdfsdf',	1,	2,	0),
(17,	'Spotify',	1,	5,	1),
(18,	'Gmail',	3,	5,	1),
(19,	'Outlook',	3,	8,	1);

DROP TABLE IF EXISTS `UserTypes`;
CREATE TABLE `UserTypes` (
  `IdUserType` int NOT NULL AUTO_INCREMENT,
  `Name` varchar(100) NOT NULL,
  `Validity` tinyint(1) DEFAULT '1',
  PRIMARY KEY (`IdUserType`),
  UNIQUE KEY `Name` (`Name`)
) ENGINE=InnoDB AUTO_INCREMENT=5 DEFAULT CHARSET=utf8mb4 COLLATE=utf8mb4_0900_ai_ci;

INSERT INTO `UserTypes` (`IdUserType`, `Name`, `Validity`) VALUES
(1,	'ADMIN',	1),
(2,	'USER',	1),
(3,	'MANAGER',	0),
(4,	'SYSTEM',	0);

DROP TABLE IF EXISTS `Users`;
CREATE TABLE `Users` (
  `IdUser` int NOT NULL AUTO_INCREMENT,
  `Email` varchar(100) NOT NULL,
  `Username` varchar(100) NOT NULL,
  `Password` varchar(75) CHARACTER SET utf8mb4 COLLATE utf8mb4_0900_ai_ci NOT NULL,
  `IdUserType` int NOT NULL,
  `EncodedSecretKey` varchar(100) CHARACTER SET utf8mb4 COLLATE utf8mb4_0900_ai_ci NOT NULL,
  `InitializationVector` varchar(100) CHARACTER SET utf8mb4 COLLATE utf8mb4_0900_ai_ci NOT NULL,
  `Validity` tinyint(1) DEFAULT '1',
  PRIMARY KEY (`IdUser`),
  UNIQUE KEY `Email` (`Email`),
  UNIQUE KEY `Username` (`Username`),
  KEY `FK_Users_UserTypes` (`IdUserType`),
  CONSTRAINT `FK_Users_UserTypes` FOREIGN KEY (`IdUserType`) REFERENCES `UserTypes` (`IdUserType`)
) ENGINE=InnoDB AUTO_INCREMENT=11 DEFAULT CHARSET=utf8mb4 COLLATE=utf8mb4_0900_ai_ci;

INSERT INTO `Users` (`IdUser`, `Email`, `Username`, `Password`, `IdUserType`, `EncodedSecretKey`, `InitializationVector`, `Validity`) VALUES
(0,	'',	'not-logged-user',	'',	2,	'',	'',	1),
(1,	'admin@passwordsaver.it',	'admin',	'$2a$10$q9eGHCoyg/NgnsN8KK6LLeW2C.s2B7Dch4HYI0I1RgStS4CSCwI26',	1,	'eUSVO1ChNus/ua5mgYkMJVVlWDd9AwWwIl1Nq+xOFXk=',	'nDuBQ5/98j40QdO5U+cdSg==',	1),
(2,	'stefano@passwordsaver.it',	'stefano',	'$2a$10$b4.Y1bdBCoSCtPCwJNwGXe7xbVImAgCgZZA0QoBFpQaqaLExDMudy',	2,	'MbKm3YGa4uWqbNF6ixNKMyzObeICuFLeeh7My0HlR7g=',	'JmEQnRmESsdvKmUl+bw44g==',	1),
(3,	'marco@passwordsaver.it',	'marco',	'$2a$10$CoAMFzyESyCADBr7gFae4uL5O04VwBVFjkk1F0fGylL0VW8EcCMIm',	2,	'XRsZwZH0VXrW15ENVHKxnl5NkAITXKIm9gByDs/L1as=',	'Ay1s/8cg4NGUrU24DWqRpg==',	0),
(4,	'giorgio@passwordsaver.it',	'Giorgio',	'$2a$10$GbDpuOTjmD7pYCfb7J16/Obm63YpgYcU2zPwm52S3otPiKBNoDXLm',	2,	'gvwLV3iL+lGn05va2n41aXMrNl8mJtYXPqdrzHGX2ac=',	'RE9LnPzXQySfhqknwBD6cg==',	1),
(5,	'giovanni@passwordsaver.it',	'giovanni',	'$2a$10$UVFag1mXZe4OtDDi8aUzKOVBDlTtRyDlvHBpE8bTGkOPgJvqoOa6G',	2,	'fNqdEvkEUvBZN/Kz4uSmVRLbRs6tocAaQLnssblZoLs=',	'ELMsr26Uo7oOC0Ezd69/ag==',	1),
(6,	'franco@passwordsaver.it',	'franco',	'$2a$10$gbwzR8fJgAT/dr5eg0liV.5phvDufyUP9xWwDTWbQIbwhOP8/DsN6',	4,	'MsGk9xGLNXl2g3h0PwiVlhLJzg+Aewkl7wZPuVLloWI=',	'ikBvDZLCE1XXlBVYk6CE+Q==',	1),
(8,	'luigi@passwordsaver.it',	'luigi',	'$2a$10$efPKZ9NdlXQlUiagsAX7MexmuBiq97/xocM.tnjieMd5Lv06/DHlG',	2,	'/9yK5w2Tq195uT/BtU5FYrM5RkQP25Pg+/Z8XMu5qL8=',	'fK01hUWn6tjB5l9CXDi8FQ==',	1),
(10,	'marcolino@paneevino.it',	'marcolino',	'$2a$10$bf5U2bH5QtEp2dpV23.rVegEr2DKP88uzV98ExScOA6rDBZuI9nDG',	4,	'jfaQylHamvnuf9z1ZjDPYGo7tdH8wVZhC130Q25BcXE=',	'Q7QwnlmSJAFYms979TAEsA==',	0);

-- 2024-09-20 10:22:16
